{"cameraMode":{"drawMode":0,"name":"Shaded","section":"Shading Mode"},"sceneLighting":true,"audioPlay":false,"sceneViewState":{"showFog":true,"showMaterialUpdate":false,"showSkybox":true,"showFlares":true,"showImageEffects":true,"showParticleSystems":true},"in2DMode":false,"pivot":{"x":0.0000011590384474402527,"y":3.875547409057617,"z":4.76837158203125e-7},"rotation":{"x":-0.7071068286895752,"y":-2.9802322387695315e-8,"z":-5.21540641784668e-8,"w":-0.7071067690849304},"size":11.662224769592286,"orthographic":false}